{"assets/audios/favicon.png":["assets/audios/favicon.png"],"assets/fonts/Lexend Deca-SemiBold.ttf":["assets/fonts/Lexend Deca-SemiBold.ttf"],"assets/fonts/Montserrat-SemiBold.ttf":["assets/fonts/Montserrat-SemiBold.ttf"],"assets/fonts/favicon.png":["assets/fonts/favicon.png"],"assets/images/Diseo_sin_ttulo_(34).png":["assets/images/Diseo_sin_ttulo_(34).png"],"assets/images/Diseo_sin_ttulo_(35)_(1).png":["assets/images/Diseo_sin_ttulo_(35)_(1).png"],"assets/images/app_launcher_icon.png":["assets/images/app_launcher_icon.png"],"assets/images/atlas_(1).png":["assets/images/atlas_(1).png"],"assets/images/atlas_(2).png":["assets/images/atlas_(2).png"],"assets/images/atlas_(3).png":["assets/images/atlas_(3).png"],"assets/images/favicon.png":["assets/images/favicon.png"],"assets/images/fondoBMBlanco.png":["assets/images/fondoBMBlanco.png"],"assets/images/fondo_(9).png":["assets/images/fondo_(9).png"],"assets/images/log_atlas_completo_azul.png":["assets/images/log_atlas_completo_azul.png"],"assets/images/log_atlas_fabicon_(1).png":["assets/images/log_atlas_fabicon_(1).png"],"assets/images/logoBlancoFuture_(1).png":["assets/images/logoBlancoFuture_(1).png"],"assets/lottie_animations/favicon.png":["assets/lottie_animations/favicon.png"],"assets/pdfs/favicon.png":["assets/pdfs/favicon.png"],"assets/rive_animations/favicon.png":["assets/rive_animations/favicon.png"],"assets/videos/favicon.png":["assets/videos/favicon.png"],"packages/cupertino_icons/assets/CupertinoIcons.ttf":["packages/cupertino_icons/assets/CupertinoIcons.ttf"],"packages/font_awesome_flutter/lib/fonts/fa-brands-400.ttf":["packages/font_awesome_flutter/lib/fonts/fa-brands-400.ttf"],"packages/font_awesome_flutter/lib/fonts/fa-regular-400.ttf":["packages/font_awesome_flutter/lib/fonts/fa-regular-400.ttf"],"packages/font_awesome_flutter/lib/fonts/fa-solid-900.ttf":["packages/font_awesome_flutter/lib/fonts/fa-solid-900.ttf"]}